[{"model": "admin.logentry", "pk": 1, "fields": {"action_time": "2023-02-05T18:05:03.722Z", "user": 1, "content_type": 10, "object_id": "3", "object_repr": "╚чєўхэшх python", "action_flag": 2, "change_message": "[{\"changed\": {\"fields\": [\"Title\"]}}]"}}, {"model": "admin.logentry", "pk": 2, "fields": {"action_time": "2023-02-05T18:05:08.941Z", "user": 1, "content_type": 10, "object_id": "2", "object_repr": "╚чєўхэшх django", "action_flag": 2, "change_message": "[{\"changed\": {\"fields\": [\"Title\"]}}]"}}, {"model": "admin.logentry", "pk": 3, "fields": {"action_time": "2023-02-17T14:52:44.743Z", "user": 1, "content_type": 10, "object_id": "5", "object_repr": "Title 1", "action_flag": 1, "change_message": "[{\"added\": {}}]"}}, {"model": "admin.logentry", "pk": 4, "fields": {"action_time": "2023-02-17T14:52:54.535Z", "user": 1, "content_type": 10, "object_id": "5", "object_repr": "Title 2", "action_flag": 2, "change_message": "[{\"changed\": {\"fields\": [\"Title\"]}}]"}}, {"model": "admin.logentry", "pk": 5, "fields": {"action_time": "2023-02-17T14:53:13.015Z", "user": 1, "content_type": 10, "object_id": "6", "object_repr": "Title 2", "action_flag": 1, "change_message": "[{\"added\": {}}]"}}, {"model": "admin.logentry", "pk": 6, "fields": {"action_time": "2023-02-17T14:53:18.645Z", "user": 1, "content_type": 10, "object_id": "6", "object_repr": "Title 3", "action_flag": 2, "change_message": "[{\"changed\": {\"fields\": [\"Title\"]}}]"}}, {"model": "admin.logentry", "pk": 7, "fields": {"action_time": "2023-02-17T14:53:24.385Z", "user": 1, "content_type": 10, "object_id": "6", "object_repr": "Title 4", "action_flag": 2, "change_message": "[{\"changed\": {\"fields\": [\"Title\"]}}]"}}, {"model": "admin.logentry", "pk": 8, "fields": {"action_time": "2023-02-17T14:53:34.991Z", "user": 1, "content_type": 10, "object_id": "6", "object_repr": "Title 5", "action_flag": 2, "change_message": "[{\"changed\": {\"fields\": [\"Title\"]}}]"}}, {"model": "admin.logentry", "pk": 9, "fields": {"action_time": "2023-02-17T14:53:39.400Z", "user": 1, "content_type": 10, "object_id": "6", "object_repr": "Title 6", "action_flag": 2, "change_message": "[{\"changed\": {\"fields\": [\"Title\"]}}]"}}, {"model": "admin.logentry", "pk": 10, "fields": {"action_time": "2023-02-17T14:53:43.752Z", "user": 1, "content_type": 10, "object_id": "6", "object_repr": "Title 7", "action_flag": 2, "change_message": "[{\"changed\": {\"fields\": [\"Title\"]}}]"}}, {"model": "admin.logentry", "pk": 11, "fields": {"action_time": "2023-02-17T14:53:47.576Z", "user": 1, "content_type": 10, "object_id": "6", "object_repr": "Title 9", "action_flag": 2, "change_message": "[{\"changed\": {\"fields\": [\"Title\"]}}]"}}, {"model": "admin.logentry", "pk": 12, "fields": {"action_time": "2023-02-17T14:53:51.984Z", "user": 1, "content_type": 10, "object_id": "6", "object_repr": "Title 10", "action_flag": 2, "change_message": "[{\"changed\": {\"fields\": [\"Title\"]}}]"}}, {"model": "admin.logentry", "pk": 13, "fields": {"action_time": "2023-02-17T14:53:55.857Z", "user": 1, "content_type": 10, "object_id": "6", "object_repr": "Title 11", "action_flag": 2, "change_message": "[{\"changed\": {\"fields\": [\"Title\"]}}]"}}, {"model": "admin.logentry", "pk": 14, "fields": {"action_time": "2023-02-17T14:54:05.679Z", "user": 1, "content_type": 10, "object_id": "6", "object_repr": "Title 12", "action_flag": 2, "change_message": "[{\"changed\": {\"fields\": [\"Title\"]}}]"}}, {"model": "admin.logentry", "pk": 15, "fields": {"action_time": "2023-02-17T14:54:10.607Z", "user": 1, "content_type": 10, "object_id": "6", "object_repr": "Title 13", "action_flag": 2, "change_message": "[{\"changed\": {\"fields\": [\"Title\"]}}]"}}, {"model": "admin.logentry", "pk": 16, "fields": {"action_time": "2023-02-17T14:54:17.396Z", "user": 1, "content_type": 10, "object_id": "6", "object_repr": "Title 14", "action_flag": 2, "change_message": "[{\"changed\": {\"fields\": [\"Title\"]}}]"}}, {"model": "admin.logentry", "pk": 17, "fields": {"action_time": "2023-02-17T14:54:23.266Z", "user": 1, "content_type": 10, "object_id": "6", "object_repr": "Title 15", "action_flag": 2, "change_message": "[{\"changed\": {\"fields\": [\"Title\"]}}]"}}, {"model": "admin.logentry", "pk": 18, "fields": {"action_time": "2023-02-17T14:54:27.992Z", "user": 1, "content_type": 10, "object_id": "6", "object_repr": "Title 16", "action_flag": 2, "change_message": "[{\"changed\": {\"fields\": [\"Title\"]}}]"}}, {"model": "admin.logentry", "pk": 19, "fields": {"action_time": "2023-02-17T14:54:33.482Z", "user": 1, "content_type": 10, "object_id": "6", "object_repr": "Title 17", "action_flag": 2, "change_message": "[{\"changed\": {\"fields\": [\"Title\"]}}]"}}, {"model": "admin.logentry", "pk": 20, "fields": {"action_time": "2023-02-17T14:54:37.103Z", "user": 1, "content_type": 10, "object_id": "6", "object_repr": "Title 18", "action_flag": 2, "change_message": "[{\"changed\": {\"fields\": [\"Title\"]}}]"}}, {"model": "admin.logentry", "pk": 21, "fields": {"action_time": "2023-02-17T14:54:42.271Z", "user": 1, "content_type": 10, "object_id": "6", "object_repr": "Title 19", "action_flag": 2, "change_message": "[{\"changed\": {\"fields\": [\"Title\"]}}]"}}, {"model": "admin.logentry", "pk": 22, "fields": {"action_time": "2023-02-17T14:54:46.519Z", "user": 1, "content_type": 10, "object_id": "6", "object_repr": "Title 20", "action_flag": 2, "change_message": "[{\"changed\": {\"fields\": [\"Title\"]}}]"}}, {"model": "admin.logentry", "pk": 23, "fields": {"action_time": "2023-02-17T14:55:28.106Z", "user": 1, "content_type": 10, "object_id": "7", "object_repr": "Title 1", "action_flag": 1, "change_message": "[{\"added\": {}}]"}}, {"model": "admin.logentry", "pk": 24, "fields": {"action_time": "2023-02-17T14:55:36.617Z", "user": 1, "content_type": 10, "object_id": "8", "object_repr": "qwqw", "action_flag": 1, "change_message": "[{\"added\": {}}]"}}, {"model": "admin.logentry", "pk": 25, "fields": {"action_time": "2023-02-17T14:55:44.392Z", "user": 1, "content_type": 10, "object_id": "9", "object_repr": "121212d", "action_flag": 1, "change_message": "[{\"added\": {}}]"}}, {"model": "admin.logentry", "pk": 26, "fields": {"action_time": "2023-02-17T14:55:52.350Z", "user": 1, "content_type": 10, "object_id": "10", "object_repr": "121212", "action_flag": 1, "change_message": "[{\"added\": {}}]"}}, {"model": "admin.logentry", "pk": 27, "fields": {"action_time": "2023-02-17T14:56:03.192Z", "user": 1, "content_type": 10, "object_id": "11", "object_repr": "1212", "action_flag": 1, "change_message": "[{\"added\": {}}]"}}, {"model": "admin.logentry", "pk": 28, "fields": {"action_time": "2023-02-17T14:56:08.455Z", "user": 1, "content_type": 10, "object_id": "12", "object_repr": "12121", "action_flag": 1, "change_message": "[{\"added\": {}}]"}}, {"model": "admin.logentry", "pk": 29, "fields": {"action_time": "2023-02-17T14:56:15.671Z", "user": 1, "content_type": 10, "object_id": "13", "object_repr": "21212 sasas", "action_flag": 1, "change_message": "[{\"added\": {}}]"}}, {"model": "admin.logentry", "pk": 30, "fields": {"action_time": "2023-02-17T14:56:23.106Z", "user": 1, "content_type": 10, "object_id": "14", "object_repr": "212 aas AS", "action_flag": 1, "change_message": "[{\"added\": {}}]"}}, {"model": "admin.logentry", "pk": 31, "fields": {"action_time": "2023-02-17T14:56:33.191Z", "user": 1, "content_type": 10, "object_id": "15", "object_repr": "QWERTY", "action_flag": 1, "change_message": "[{\"added\": {}}]"}}, {"model": "admin.logentry", "pk": 32, "fields": {"action_time": "2023-02-17T14:56:40.367Z", "user": 1, "content_type": 10, "object_id": "16", "object_repr": "sasasas", "action_flag": 1, "change_message": "[{\"added\": {}}]"}}, {"model": "admin.logentry", "pk": 33, "fields": {"action_time": "2023-02-17T14:56:48.607Z", "user": 1, "content_type": 10, "object_id": "17", "object_repr": "zxzcxzxc", "action_flag": 1, "change_message": "[{\"added\": {}}]"}}, {"model": "admin.logentry", "pk": 34, "fields": {"action_time": "2023-02-17T14:56:54.601Z", "user": 1, "content_type": 10, "object_id": "18", "object_repr": "fffff", "action_flag": 1, "change_message": "[{\"added\": {}}]"}}, {"model": "admin.logentry", "pk": 35, "fields": {"action_time": "2023-02-17T14:57:01.658Z", "user": 1, "content_type": 10, "object_id": "19", "object_repr": "ffff fsf", "action_flag": 1, "change_message": "[{\"added\": {}}]"}}, {"model": "admin.logentry", "pk": 36, "fields": {"action_time": "2023-02-17T14:57:29.199Z", "user": 1, "content_type": 10, "object_id": "20", "object_repr": "zzxzxzxzx", "action_flag": 1, "change_message": "[{\"added\": {}}]"}}, {"model": "admin.logentry", "pk": 37, "fields": {"action_time": "2023-02-17T14:57:37.387Z", "user": 1, "content_type": 10, "object_id": "21", "object_repr": "opopiopoip", "action_flag": 1, "change_message": "[{\"added\": {}}]"}}, {"model": "admin.logentry", "pk": 38, "fields": {"action_time": "2023-02-17T14:57:49.327Z", "user": 1, "content_type": 10, "object_id": "22", "object_repr": ",.,m.kjljkl", "action_flag": 1, "change_message": "[{\"added\": {}}]"}}, {"model": "admin.logentry", "pk": 39, "fields": {"action_time": "2023-02-17T14:57:56.048Z", "user": 1, "content_type": 10, "object_id": "23", "object_repr": "ioiopoipiop", "action_flag": 1, "change_message": "[{\"added\": {}}]"}}, {"model": "admin.logentry", "pk": 40, "fields": {"action_time": "2023-02-17T14:58:29.462Z", "user": 1, "content_type": 10, "object_id": "24", "object_repr": "═ютр  ёЄрЄ№ ", "action_flag": 1, "change_message": "[{\"added\": {}}]"}}, {"model": "admin.logentry", "pk": 41, "fields": {"action_time": "2023-02-19T10:51:11.121Z", "user": 1, "content_type": 4, "object_id": "6", "object_repr": "Anonymous", "action_flag": 1, "change_message": "[{\"added\": {}}]"}}, {"model": "admin.logentry", "pk": 42, "fields": {"action_time": "2023-02-19T10:51:29.718Z", "user": 1, "content_type": 8, "object_id": "3", "object_repr": "Anonymous", "action_flag": 1, "change_message": "[{\"added\": {}}]"}}, {"model": "admin.logentry", "pk": 43, "fields": {"action_time": "2023-02-22T17:41:06.488Z", "user": 1, "content_type": 17, "object_id": "1", "object_repr": "Google", "action_flag": 1, "change_message": "[{\"added\": {}}]"}}, {"model": "admin.logentry", "pk": 44, "fields": {"action_time": "2023-02-22T17:48:27.913Z", "user": 1, "content_type": 12, "object_id": "1", "object_repr": "127.0.0.1", "action_flag": 2, "change_message": "[{\"changed\": {\"fields\": [\"Domain name\"]}}]"}}, {"model": "admin.logentry", "pk": 45, "fields": {"action_time": "2023-02-22T17:51:19.199Z", "user": 1, "content_type": 17, "object_id": "1", "object_repr": "Google", "action_flag": 2, "change_message": "[{\"changed\": {\"fields\": [\"Sites\"]}}]"}}, {"model": "admin.logentry", "pk": 46, "fields": {"action_time": "2023-02-23T12:06:58.461Z", "user": 1, "content_type": 3, "object_id": "1", "object_repr": "common", "action_flag": 1, "change_message": "[{\"added\": {}}]"}}, {"model": "admin.logentry", "pk": 47, "fields": {"action_time": "2023-02-23T12:08:29.898Z", "user": 1, "content_type": 3, "object_id": "2", "object_repr": "author", "action_flag": 1, "change_message": "[{\"added\": {}}]"}}, {"model": "admin.logentry", "pk": 48, "fields": {"action_time": "2023-02-23T12:08:48.812Z", "user": 1, "content_type": 3, "object_id": "1", "object_repr": "common", "action_flag": 2, "change_message": "[{\"changed\": {\"fields\": [\"Permissions\"]}}]"}}, {"model": "admin.logentry", "pk": 49, "fields": {"action_time": "2023-02-23T14:17:33.867Z", "user": 1, "content_type": 3, "object_id": "2", "object_repr": "author", "action_flag": 2, "change_message": "[{\"changed\": {\"fields\": [\"Permissions\"]}}]"}}, {"model": "admin.logentry", "pk": 50, "fields": {"action_time": "2023-02-23T14:17:42.574Z", "user": 1, "content_type": 3, "object_id": "1", "object_repr": "common", "action_flag": 2, "change_message": "[{\"changed\": {\"fields\": [\"Permissions\"]}}]"}}, {"model": "admin.logentry", "pk": 51, "fields": {"action_time": "2023-02-24T11:12:08.896Z", "user": 1, "content_type": 3, "object_id": "2", "object_repr": "author", "action_flag": 2, "change_message": "[{\"changed\": {\"fields\": [\"Permissions\"]}}]"}}, {"model": "admin.logentry", "pk": 52, "fields": {"action_time": "2023-02-26T14:14:53.480Z", "user": 1, "content_type": 4, "object_id": "7", "object_repr": "dimaremenec", "action_flag": 2, "change_message": "[{\"changed\": {\"fields\": [\"Groups\"]}}]"}}, {"model": "admin.logentry", "pk": 53, "fields": {"action_time": "2023-02-26T15:41:19.452Z", "user": 1, "content_type": 4, "object_id": "7", "object_repr": "dimaremenec", "action_flag": 2, "change_message": "[{\"changed\": {\"fields\": [\"Groups\"]}}]"}}, {"model": "admin.logentry", "pk": 54, "fields": {"action_time": "2023-02-26T15:42:31.034Z", "user": 1, "content_type": 4, "object_id": "7", "object_repr": "dimaremenec", "action_flag": 2, "change_message": "[{\"changed\": {\"fields\": [\"Groups\"]}}]"}}, {"model": "admin.logentry", "pk": 55, "fields": {"action_time": "2023-02-26T15:49:37.284Z", "user": 1, "content_type": 4, "object_id": "1", "object_repr": "admin", "action_flag": 2, "change_message": "[{\"changed\": {\"fields\": [\"Groups\"]}}]"}}, {"model": "admin.logentry", "pk": 56, "fields": {"action_time": "2023-02-26T16:00:25.889Z", "user": 1, "content_type": 4, "object_id": "7", "object_repr": "dimaremenec", "action_flag": 2, "change_message": "[{\"changed\": {\"fields\": [\"Groups\"]}}]"}}, {"model": "admin.logentry", "pk": 57, "fields": {"action_time": "2023-02-28T14:42:16.739Z", "user": 1, "content_type": 12, "object_id": "1", "object_repr": "127.0.0.1", "action_flag": 2, "change_message": "[]"}}, {"model": "admin.logentry", "pk": 58, "fields": {"action_time": "2023-02-28T14:44:34.073Z", "user": 1, "content_type": 17, "object_id": "1", "object_repr": "Google", "action_flag": 2, "change_message": "[]"}}, {"model": "admin.logentry", "pk": 59, "fields": {"action_time": "2023-02-28T14:50:31.076Z", "user": 1, "content_type": 4, "object_id": "11", "object_repr": "dimaremenec", "action_flag": 3, "change_message": ""}}, {"model": "admin.logentry", "pk": 60, "fields": {"action_time": "2023-02-28T14:58:24.818Z", "user": 1, "content_type": 4, "object_id": "12", "object_repr": "dimaremenec", "action_flag": 3, "change_message": ""}}, {"model": "admin.logentry", "pk": 61, "fields": {"action_time": "2023-02-28T15:00:44.917Z", "user": 1, "content_type": 4, "object_id": "13", "object_repr": "dimaremenec", "action_flag": 3, "change_message": ""}}, {"model": "admin.logentry", "pk": 62, "fields": {"action_time": "2023-02-28T15:03:44.911Z", "user": 1, "content_type": 4, "object_id": "14", "object_repr": "dimaremenec", "action_flag": 3, "change_message": ""}}, {"model": "admin.logentry", "pk": 63, "fields": {"action_time": "2023-02-28T15:05:21.699Z", "user": 1, "content_type": 4, "object_id": "15", "object_repr": "dimaremenec", "action_flag": 3, "change_message": ""}}, {"model": "admin.logentry", "pk": 64, "fields": {"action_time": "2023-02-28T19:40:22.480Z", "user": 1, "content_type": 4, "object_id": "16", "object_repr": "dimaremenec", "action_flag": 3, "change_message": ""}}, {"model": "admin.logentry", "pk": 65, "fields": {"action_time": "2023-02-28T19:44:46.974Z", "user": 1, "content_type": 4, "object_id": "17", "object_repr": "dimaremenec", "action_flag": 3, "change_message": ""}}, {"model": "admin.logentry", "pk": 66, "fields": {"action_time": "2023-02-28T19:52:33.192Z", "user": 1, "content_type": 4, "object_id": "18", "object_repr": "dimaremenec", "action_flag": 3, "change_message": ""}}, {"model": "admin.logentry", "pk": 67, "fields": {"action_time": "2023-02-28T19:59:58.045Z", "user": 1, "content_type": 4, "object_id": "19", "object_repr": "dimaremenec", "action_flag": 3, "change_message": ""}}, {"model": "admin.logentry", "pk": 68, "fields": {"action_time": "2023-02-28T20:02:12.577Z", "user": 1, "content_type": 4, "object_id": "20", "object_repr": "dimaremenec", "action_flag": 3, "change_message": ""}}, {"model": "admin.logentry", "pk": 69, "fields": {"action_time": "2023-02-28T20:04:06.165Z", "user": 1, "content_type": 4, "object_id": "21", "object_repr": "dimaremenec", "action_flag": 3, "change_message": ""}}, {"model": "admin.logentry", "pk": 70, "fields": {"action_time": "2023-02-28T20:06:03.563Z", "user": 1, "content_type": 4, "object_id": "22", "object_repr": "dimaremenec", "action_flag": 3, "change_message": ""}}, {"model": "admin.logentry", "pk": 71, "fields": {"action_time": "2023-02-28T20:09:34.046Z", "user": 1, "content_type": 4, "object_id": "23", "object_repr": "dimaremenec", "action_flag": 3, "change_message": ""}}, {"model": "admin.logentry", "pk": 72, "fields": {"action_time": "2023-02-28T20:11:35.117Z", "user": 1, "content_type": 4, "object_id": "24", "object_repr": "dimaremenec", "action_flag": 3, "change_message": ""}}, {"model": "admin.logentry", "pk": 73, "fields": {"action_time": "2023-02-28T20:14:15.778Z", "user": 1, "content_type": 4, "object_id": "25", "object_repr": "dimaremenec", "action_flag": 3, "change_message": ""}}, {"model": "admin.logentry", "pk": 74, "fields": {"action_time": "2023-02-28T20:15:09.839Z", "user": 1, "content_type": 4, "object_id": "26", "object_repr": "dimaremenec", "action_flag": 3, "change_message": ""}}, {"model": "admin.logentry", "pk": 75, "fields": {"action_time": "2023-02-28T20:16:54.448Z", "user": 1, "content_type": 4, "object_id": "27", "object_repr": "dimaremenec", "action_flag": 3, "change_message": ""}}, {"model": "admin.logentry", "pk": 76, "fields": {"action_time": "2023-02-28T20:18:17.846Z", "user": 1, "content_type": 4, "object_id": "28", "object_repr": "dimaremenec", "action_flag": 3, "change_message": ""}}, {"model": "admin.logentry", "pk": 77, "fields": {"action_time": "2023-02-28T20:20:23.326Z", "user": 1, "content_type": 4, "object_id": "29", "object_repr": "dimaremenec", "action_flag": 3, "change_message": ""}}, {"model": "admin.logentry", "pk": 78, "fields": {"action_time": "2023-02-28T20:21:31.185Z", "user": 1, "content_type": 4, "object_id": "30", "object_repr": "dimaremenec", "action_flag": 3, "change_message": ""}}, {"model": "admin.logentry", "pk": 79, "fields": {"action_time": "2023-02-28T20:24:43.999Z", "user": 1, "content_type": 4, "object_id": "31", "object_repr": "dimaremenec", "action_flag": 3, "change_message": ""}}, {"model": "admin.logentry", "pk": 80, "fields": {"action_time": "2023-02-28T20:24:44.003Z", "user": 1, "content_type": 4, "object_id": "32", "object_repr": "dimaremenec5", "action_flag": 3, "change_message": ""}}, {"model": "admin.logentry", "pk": 81, "fields": {"action_time": "2023-02-28T20:24:44.010Z", "user": 1, "content_type": 4, "object_id": "33", "object_repr": "dimaremenec7", "action_flag": 3, "change_message": ""}}, {"model": "admin.logentry", "pk": 82, "fields": {"action_time": "2023-02-28T20:26:14.317Z", "user": 1, "content_type": 4, "object_id": "34", "object_repr": "dimaremenec", "action_flag": 3, "change_message": ""}}, {"model": "admin.logentry", "pk": 83, "fields": {"action_time": "2023-02-28T20:31:02.071Z", "user": 1, "content_type": 4, "object_id": "35", "object_repr": "dimaremenec", "action_flag": 3, "change_message": ""}}, {"model": "admin.logentry", "pk": 84, "fields": {"action_time": "2023-02-28T20:34:03.823Z", "user": 1, "content_type": 4, "object_id": "36", "object_repr": "dimaremenec", "action_flag": 3, "change_message": ""}}, {"model": "admin.logentry", "pk": 85, "fields": {"action_time": "2023-03-02T18:31:43.357Z", "user": 1, "content_type": 21, "object_id": "3", "object_repr": "3: job 'my_job' (Executed)", "action_flag": 3, "change_message": ""}}, {"model": "admin.logentry", "pk": 86, "fields": {"action_time": "2023-03-02T18:31:43.375Z", "user": 1, "content_type": 21, "object_id": "2", "object_repr": "2: job 'my_job' (Executed)", "action_flag": 3, "change_message": ""}}, {"model": "admin.logentry", "pk": 87, "fields": {"action_time": "2023-03-02T18:31:43.380Z", "user": 1, "content_type": 21, "object_id": "1", "object_repr": "1: job 'my_job' (Executed)", "action_flag": 3, "change_message": ""}}, {"model": "admin.logentry", "pk": 88, "fields": {"action_time": "2023-03-03T17:08:18.386Z", "user": 1, "content_type": 4, "object_id": "37", "object_repr": "dimaremenec", "action_flag": 3, "change_message": ""}}, {"model": "admin.logentry", "pk": 89, "fields": {"action_time": "2023-03-03T17:08:18.397Z", "user": 1, "content_type": 4, "object_id": "38", "object_repr": "dimaremenec9", "action_flag": 3, "change_message": ""}}, {"model": "auth.permission", "pk": 1, "fields": {"name": "Can add log entry", "content_type": 1, "codename": "add_logentry"}}, {"model": "auth.permission", "pk": 2, "fields": {"name": "Can change log entry", "content_type": 1, "codename": "change_logentry"}}, {"model": "auth.permission", "pk": 3, "fields": {"name": "Can delete log entry", "content_type": 1, "codename": "delete_logentry"}}, {"model": "auth.permission", "pk": 4, "fields": {"name": "Can view log entry", "content_type": 1, "codename": "view_logentry"}}, {"model": "auth.permission", "pk": 5, "fields": {"name": "Can add permission", "content_type": 2, "codename": "add_permission"}}, {"model": "auth.permission", "pk": 6, "fields": {"name": "Can change permission", "content_type": 2, "codename": "change_permission"}}, {"model": "auth.permission", "pk": 7, "fields": {"name": "Can delete permission", "content_type": 2, "codename": "delete_permission"}}, {"model": "auth.permission", "pk": 8, "fields": {"name": "Can view permission", "content_type": 2, "codename": "view_permission"}}, {"model": "auth.permission", "pk": 9, "fields": {"name": "Can add group", "content_type": 3, "codename": "add_group"}}, {"model": "auth.permission", "pk": 10, "fields": {"name": "Can change group", "content_type": 3, "codename": "change_group"}}, {"model": "auth.permission", "pk": 11, "fields": {"name": "Can delete group", "content_type": 3, "codename": "delete_group"}}, {"model": "auth.permission", "pk": 12, "fields": {"name": "Can view group", "content_type": 3, "codename": "view_group"}}, {"model": "auth.permission", "pk": 13, "fields": {"name": "Can add user", "content_type": 4, "codename": "add_user"}}, {"model": "auth.permission", "pk": 14, "fields": {"name": "Can change user", "content_type": 4, "codename": "change_user"}}, {"model": "auth.permission", "pk": 15, "fields": {"name": "Can delete user", "content_type": 4, "codename": "delete_user"}}, {"model": "auth.permission", "pk": 16, "fields": {"name": "Can view user", "content_type": 4, "codename": "view_user"}}, {"model": "auth.permission", "pk": 17, "fields": {"name": "Can add content type", "content_type": 5, "codename": "add_contenttype"}}, {"model": "auth.permission", "pk": 18, "fields": {"name": "Can change content type", "content_type": 5, "codename": "change_contenttype"}}, {"model": "auth.permission", "pk": 19, "fields": {"name": "Can delete content type", "content_type": 5, "codename": "delete_contenttype"}}, {"model": "auth.permission", "pk": 20, "fields": {"name": "Can view content type", "content_type": 5, "codename": "view_contenttype"}}, {"model": "auth.permission", "pk": 21, "fields": {"name": "Can add session", "content_type": 6, "codename": "add_session"}}, {"model": "auth.permission", "pk": 22, "fields": {"name": "Can change session", "content_type": 6, "codename": "change_session"}}, {"model": "auth.permission", "pk": 23, "fields": {"name": "Can delete session", "content_type": 6, "codename": "delete_session"}}, {"model": "auth.permission", "pk": 24, "fields": {"name": "Can view session", "content_type": 6, "codename": "view_session"}}, {"model": "auth.permission", "pk": 25, "fields": {"name": "Can add category", "content_type": 7, "codename": "add_category"}}, {"model": "auth.permission", "pk": 26, "fields": {"name": "Can change category", "content_type": 7, "codename": "change_category"}}, {"model": "auth.permission", "pk": 27, "fields": {"name": "Can delete category", "content_type": 7, "codename": "delete_category"}}, {"model": "auth.permission", "pk": 28, "fields": {"name": "Can view category", "content_type": 7, "codename": "view_category"}}, {"model": "auth.permission", "pk": 29, "fields": {"name": "Can add author", "content_type": 8, "codename": "add_author"}}, {"model": "auth.permission", "pk": 30, "fields": {"name": "Can change author", "content_type": 8, "codename": "change_author"}}, {"model": "auth.permission", "pk": 31, "fields": {"name": "Can delete author", "content_type": 8, "codename": "delete_author"}}, {"model": "auth.permission", "pk": 32, "fields": {"name": "Can view author", "content_type": 8, "codename": "view_author"}}, {"model": "auth.permission", "pk": 33, "fields": {"name": "Can add post category", "content_type": 9, "codename": "add_postcategory"}}, {"model": "auth.permission", "pk": 34, "fields": {"name": "Can change post category", "content_type": 9, "codename": "change_postcategory"}}, {"model": "auth.permission", "pk": 35, "fields": {"name": "Can delete post category", "content_type": 9, "codename": "delete_postcategory"}}, {"model": "auth.permission", "pk": 36, "fields": {"name": "Can view post category", "content_type": 9, "codename": "view_postcategory"}}, {"model": "auth.permission", "pk": 37, "fields": {"name": "Can add post", "content_type": 10, "codename": "add_post"}}, {"model": "auth.permission", "pk": 38, "fields": {"name": "Can change post", "content_type": 10, "codename": "change_post"}}, {"model": "auth.permission", "pk": 39, "fields": {"name": "Can delete post", "content_type": 10, "codename": "delete_post"}}, {"model": "auth.permission", "pk": 40, "fields": {"name": "Can view post", "content_type": 10, "codename": "view_post"}}, {"model": "auth.permission", "pk": 41, "fields": {"name": "Can add comment", "content_type": 11, "codename": "add_comment"}}, {"model": "auth.permission", "pk": 42, "fields": {"name": "Can change comment", "content_type": 11, "codename": "change_comment"}}, {"model": "auth.permission", "pk": 43, "fields": {"name": "Can delete comment", "content_type": 11, "codename": "delete_comment"}}, {"model": "auth.permission", "pk": 44, "fields": {"name": "Can view comment", "content_type": 11, "codename": "view_comment"}}, {"model": "auth.permission", "pk": 45, "fields": {"name": "Can add site", "content_type": 12, "codename": "add_site"}}, {"model": "auth.permission", "pk": 46, "fields": {"name": "Can change site", "content_type": 12, "codename": "change_site"}}, {"model": "auth.permission", "pk": 47, "fields": {"name": "Can delete site", "content_type": 12, "codename": "delete_site"}}, {"model": "auth.permission", "pk": 48, "fields": {"name": "Can view site", "content_type": 12, "codename": "view_site"}}, {"model": "auth.permission", "pk": 49, "fields": {"name": "Can add flat page", "content_type": 13, "codename": "add_flatpage"}}, {"model": "auth.permission", "pk": 50, "fields": {"name": "Can change flat page", "content_type": 13, "codename": "change_flatpage"}}, {"model": "auth.permission", "pk": 51, "fields": {"name": "Can delete flat page", "content_type": 13, "codename": "delete_flatpage"}}, {"model": "auth.permission", "pk": 52, "fields": {"name": "Can view flat page", "content_type": 13, "codename": "view_flatpage"}}, {"model": "auth.permission", "pk": 53, "fields": {"name": "Can add email address", "content_type": 14, "codename": "add_emailaddress"}}, {"model": "auth.permission", "pk": 54, "fields": {"name": "Can change email address", "content_type": 14, "codename": "change_emailaddress"}}, {"model": "auth.permission", "pk": 55, "fields": {"name": "Can delete email address", "content_type": 14, "codename": "delete_emailaddress"}}, {"model": "auth.permission", "pk": 56, "fields": {"name": "Can view email address", "content_type": 14, "codename": "view_emailaddress"}}, {"model": "auth.permission", "pk": 57, "fields": {"name": "Can add email confirmation", "content_type": 15, "codename": "add_emailconfirmation"}}, {"model": "auth.permission", "pk": 58, "fields": {"name": "Can change email confirmation", "content_type": 15, "codename": "change_emailconfirmation"}}, {"model": "auth.permission", "pk": 59, "fields": {"name": "Can delete email confirmation", "content_type": 15, "codename": "delete_emailconfirmation"}}, {"model": "auth.permission", "pk": 60, "fields": {"name": "Can view email confirmation", "content_type": 15, "codename": "view_emailconfirmation"}}, {"model": "auth.permission", "pk": 61, "fields": {"name": "Can add social account", "content_type": 16, "codename": "add_socialaccount"}}, {"model": "auth.permission", "pk": 62, "fields": {"name": "Can change social account", "content_type": 16, "codename": "change_socialaccount"}}, {"model": "auth.permission", "pk": 63, "fields": {"name": "Can delete social account", "content_type": 16, "codename": "delete_socialaccount"}}, {"model": "auth.permission", "pk": 64, "fields": {"name": "Can view social account", "content_type": 16, "codename": "view_socialaccount"}}, {"model": "auth.permission", "pk": 65, "fields": {"name": "Can add social application", "content_type": 17, "codename": "add_socialapp"}}, {"model": "auth.permission", "pk": 66, "fields": {"name": "Can change social application", "content_type": 17, "codename": "change_socialapp"}}, {"model": "auth.permission", "pk": 67, "fields": {"name": "Can delete social application", "content_type": 17, "codename": "delete_socialapp"}}, {"model": "auth.permission", "pk": 68, "fields": {"name": "Can view social application", "content_type": 17, "codename": "view_socialapp"}}, {"model": "auth.permission", "pk": 69, "fields": {"name": "Can add social application token", "content_type": 18, "codename": "add_socialtoken"}}, {"model": "auth.permission", "pk": 70, "fields": {"name": "Can change social application token", "content_type": 18, "codename": "change_socialtoken"}}, {"model": "auth.permission", "pk": 71, "fields": {"name": "Can delete social application token", "content_type": 18, "codename": "delete_socialtoken"}}, {"model": "auth.permission", "pk": 72, "fields": {"name": "Can view social application token", "content_type": 18, "codename": "view_socialtoken"}}, {"model": "auth.permission", "pk": 73, "fields": {"name": "Can add category user", "content_type": 19, "codename": "add_categoryuser"}}, {"model": "auth.permission", "pk": 74, "fields": {"name": "Can change category user", "content_type": 19, "codename": "change_categoryuser"}}, {"model": "auth.permission", "pk": 75, "fields": {"name": "Can delete category user", "content_type": 19, "codename": "delete_categoryuser"}}, {"model": "auth.permission", "pk": 76, "fields": {"name": "Can view category user", "content_type": 19, "codename": "view_categoryuser"}}, {"model": "auth.permission", "pk": 77, "fields": {"name": "Can add django job", "content_type": 20, "codename": "add_djangojob"}}, {"model": "auth.permission", "pk": 78, "fields": {"name": "Can change django job", "content_type": 20, "codename": "change_djangojob"}}, {"model": "auth.permission", "pk": 79, "fields": {"name": "Can delete django job", "content_type": 20, "codename": "delete_djangojob"}}, {"model": "auth.permission", "pk": 80, "fields": {"name": "Can view django job", "content_type": 20, "codename": "view_djangojob"}}, {"model": "auth.permission", "pk": 81, "fields": {"name": "Can add django job execution", "content_type": 21, "codename": "add_djangojobexecution"}}, {"model": "auth.permission", "pk": 82, "fields": {"name": "Can change django job execution", "content_type": 21, "codename": "change_djangojobexecution"}}, {"model": "auth.permission", "pk": 83, "fields": {"name": "Can delete django job execution", "content_type": 21, "codename": "delete_djangojobexecution"}}, {"model": "auth.permission", "pk": 84, "fields": {"name": "Can view django job execution", "content_type": 21, "codename": "view_djangojobexecution"}}, {"model": "auth.group", "pk": 1, "fields": {"name": "common", "permissions": []}}, {"model": "auth.group", "pk": 2, "fields": {"name": "author", "permissions": [37, 38, 39]}}, {"model": "auth.user", "pk": 1, "fields": {"password": "pbkdf2_sha256$390000$W8VqzGiv5e7lFbF9HdXlLj$Qv6RdldLYpHo/KLMB8U01T8SqUd2yNdxZZZzyBFa0GE=", "last_login": "2023-03-03T17:08:01.499Z", "is_superuser": true, "username": "admin", "first_name": "", "last_name": "", "email": "admin@gmail.com", "is_staff": true, "is_active": true, "date_joined": "2023-01-29T15:13:21Z", "groups": [2], "user_permissions": []}}, {"model": "auth.user", "pk": 4, "fields": {"password": "!g3UI1QLP4R7dmwOgc8VtHKO5wfyLKXzmqklZTIVr", "last_login": null, "is_superuser": false, "username": "Dmitry", "first_name": "", "last_name": "", "email": "", "is_staff": false, "is_active": true, "date_joined": "2023-01-29T17:40:22.766Z", "groups": [], "user_permissions": []}}, {"model": "auth.user", "pk": 5, "fields": {"password": "!T5V9HSkGM8jQqZsvQVZXYdZHn4exO1b9RrD4Rze8", "last_login": null, "is_superuser": false, "username": "Alice", "first_name": "", "last_name": "", "email": "", "is_staff": false, "is_active": true, "date_joined": "2023-01-29T17:40:31.176Z", "groups": [], "user_permissions": []}}, {"model": "auth.user", "pk": 6, "fields": {"password": "pbkdf2_sha256$390000$5ghk3qhi5j7IHIw4MCtMUS$8Z6t6HAeyRAOu7aJ6cAAQKBcAV153k3yQM/mmgItruY=", "last_login": null, "is_superuser": false, "username": "Anonymous", "first_name": "", "last_name": "", "email": "", "is_staff": false, "is_active": true, "date_joined": "2023-02-19T10:51:10.841Z", "groups": [], "user_permissions": []}}, {"model": "auth.user", "pk": 8, "fields": {"password": "pbkdf2_sha256$390000$6nyqcyEvCsr96hAwWBJ75e$XAgFv6VYK5Mg3yN9sseRldHq/OPWgAYxFD+HdRPaTxo=", "last_login": "2023-02-23T12:20:54.344Z", "is_superuser": false, "username": "test", "first_name": "", "last_name": "", "email": "test@gmail.com", "is_staff": false, "is_active": true, "date_joined": "2023-02-23T12:20:54.044Z", "groups": [1], "user_permissions": []}}, {"model": "auth.user", "pk": 9, "fields": {"password": "pbkdf2_sha256$390000$mbxBTSaDkR6F9r7dlIfyop$VkDepmgx5Vow9Yr9Mw3WCfFzuRehvXVa07ax6K99i80=", "last_login": "2023-02-24T11:28:41.465Z", "is_superuser": false, "username": "test2", "first_name": "", "last_name": "", "email": "test2@gmail.com", "is_staff": false, "is_active": true, "date_joined": "2023-02-24T11:08:53.160Z", "groups": [1, 2], "user_permissions": []}}, {"model": "auth.user", "pk": 39, "fields": {"password": "!5A1cn7WuoBFooVeBJMyd50tA53INzjIyPK4MIC0R", "last_login": "2023-03-11T09:59:33.987Z", "is_superuser": false, "username": "dimaremenec", "first_name": "─ьшЄЁшщ", "last_name": "", "email": "dimaremenec@gmail.com", "is_staff": false, "is_active": true, "date_joined": "2023-03-03T17:08:42.711Z", "groups": [2], "user_permissions": []}}, {"model": "contenttypes.contenttype", "id": 1, "fields": {"app_label": "admin", "model": "logentry"}}, {"model": "contenttypes.contenttype", "id": 2, "fields": {"app_label": "auth", "model": "permission"}}, {"model": "contenttypes.contenttype", "id": 3, "fields": {"app_label": "auth", "model": "group"}}, {"model": "contenttypes.contenttype", "id": 4, "fields": {"app_label": "auth", "model": "user"}}, {"model": "contenttypes.contenttype", "id": 5, "fields": {"app_label": "contenttypes", "model": "contenttype"}}, {"model": "contenttypes.contenttype", "id": 6, "fields": {"app_label": "sessions", "model": "session"}}, {"model": "contenttypes.contenttype", "id": 7, "fields": {"app_label": "news", "model": "category"}}, {"model": "contenttypes.contenttype", "id": 8, "fields": {"app_label": "news", "model": "author"}}, {"model": "contenttypes.contenttype", "id": 9, "fields": {"app_label": "news", "model": "postcategory"}}, {"model": "contenttypes.contenttype", "id": 10, "fields": {"app_label": "news", "model": "post"}}, {"model": "contenttypes.contenttype", "id": 11, "fields": {"app_label": "news", "model": "comment"}}, {"model": "contenttypes.contenttype", "id": 12, "fields": {"app_label": "sites", "model": "site"}}, {"model": "contenttypes.contenttype", "id": 13, "fields": {"app_label": "flatpages", "model": "flatpage"}}, {"model": "contenttypes.contenttype", "id": 14, "fields": {"app_label": "account", "model": "emailaddress"}}, {"model": "contenttypes.contenttype", "id": 15, "fields": {"app_label": "account", "model": "emailconfirmation"}}, {"model": "contenttypes.contenttype", "id": 16, "fields": {"app_label": "socialaccount", "model": "socialaccount"}}, {"model": "contenttypes.contenttype", "id": 17, "fields": {"app_label": "socialaccount", "model": "socialapp"}}, {"model": "contenttypes.contenttype", "id": 18, "fields": {"app_label": "socialaccount", "model": "socialtoken"}}, {"model": "contenttypes.contenttype", "id": 19, "fields": {"app_label": "news", "model": "categoryuser"}}, {"model": "contenttypes.contenttype", "id": 20, "fields": {"app_label": "django_apscheduler", "model": "djangojob"}}, {"model": "contenttypes.contenttype", "id": 21, "fields": {"app_label": "django_apscheduler", "model": "djangojobexecution"}}, {"model": "sessions.session", "pk": "0gh4i6p8dbyrtygemyajz8rw3nh61fxz", "fields": {"session_data": ".eJxVjMsOwiAQRf-FtSE8y-DSvd9ABgakaiAp7cr479qkC93ec859sYDbWsM28hJmYmcm2el3i5geue2A7thunafe1mWOfFf4QQe_dsrPy-H-HVQc9VtrcCg8RmNJglQlgS-UjbXGTxLVpCHqTF5bowRRhiJQxwIgHKUonWTvD9SZN6k:1pM9NQ:CyZw5eyUlMe1n5NmzW0_pfjXHnV0dCHzzcBpieTMNi0", "expire_date": "2023-02-12T15:13:52.423Z"}}, {"model": "sessions.session", "pk": "26c5ot978isijwk3hi8xjx8cdt7acnqx", "fields": {"session_data": ".eJxVjMsOwiAQRf-FtSE8y-DSvd9ABgakaiAp7cr479qkC93ec859sYDbWsM28hJmYmcm2el3i5geue2A7thunafe1mWOfFf4QQe_dsrPy-H-HVQc9VtrcCg8RmNJglQlgS-UjbXGTxLVpCHqTF5bowRRhiJQxwIgHKUonWTvD9SZN6k:1pTlYE:ZFjattpKvpvZm8lNVCYzTvbKEnYYswIWR58ktUIZ7dc", "expire_date": "2023-03-05T15:24:30.495Z"}}, {"model": "sessions.session", "pk": "h9kla2bel9mfeaszm8jlu7fs6ku5ncde", "fields": {"session_data": ".eJxVjMsOwiAURP-FtSFteZTrTn-kGS6QEhuaCF0Z_93WdKHLOTNzXmLC1uZpq_E55SCuQpG4_EIPfsRyNFiWA0swr1tp8rs56ypve4qlZUbLa7mfrz_VjDrvHmNVRx1GTpZDl3jQ6IlMr20foRWcVeNoKGiVkjNkjfFQCGThmLwfxPsDzw88Mg:1paw0k:rBlmq7tKUnv_nFvrNRCiaLA87LdMWG6VUMq26KQPNDs", "expire_date": "2023-03-25T09:59:34.987Z"}}, {"model": "sessions.session", "pk": "whbpcsf4v36xasfwa39kgau0oql0yxav", "fields": {"session_data": ".eJxVjDsOgzAQRO-ydYQAf2DpkotY67UtrDhGAjtNlLsHIhrKeTPzPkDMS83FvP0aQ_TO-BfFBFOuKd3AUC2zqZtfTXQwgUC4QEv89PloKKUDN6ev-W_Oemvue_K5RKYSl_w4XxfVTNu8e5QWLbY0cNDs2sC9pA5RdVJ3nqSgUYthUOikCGFUqJWyJMihppHR2h6-P6DbR5g:1pY8th:1k6eF7SjaAy3csSWsSYsnEtYJ78tub7iwJYguUr4svQ", "expire_date": "2023-03-17T17:08:45.228Z"}}, {"model": "sites.site", "pk": 1, "fields": {"domain": "127.0.0.1", "name": "example.com"}}, {"model": "news.author", "pk": 1, "fields": {"user": 4, "rating": 26}}, {"model": "news.author", "pk": 2, "fields": {"user": 5, "rating": 15}}, {"model": "news.author", "pk": 3, "fields": {"user": 6, "rating": 0}}, {"model": "news.author", "pk": 6, "fields": {"user": 1, "rating": 0}}, {"model": "news.author", "pk": 10, "fields": {"user": 39, "rating": 0}}, {"model": "news.category", "pk": 1, "fields": {"name": "╬сЁрчютрэшх"}}, {"model": "news.category", "pk": 2, "fields": {"name": "╤яюЁЄ"}}, {"model": "news.category", "pk": 3, "fields": {"name": "╧єЄх°хёЄтш "}}, {"model": "news.category", "pk": 4, "fields": {"name": "╤хь№ "}}, {"model": "news.categoryuser", "pk": 14, "fields": {"category": 1, "user": 1}}, {"model": "news.categoryuser", "pk": 15, "fields": {"category": 2, "user": 1}}, {"model": "news.post", "pk": 3, "fields": {"type": "AR", "author": 1, "title": "╚чєўхэшх python!", "content": "Lorem ipsum ...", "rating": 3, "dt_created": "2023-01-29T17:43:22.827Z"}}, {"model": "news.post", "pk": 4, "fields": {"type": "NE", "author": 2, "title": "╧юы№чр схур яю єЄЁрь", "content": "Lorem ipsum ... dolor", "rating": 4, "dt_created": "2023-01-29T17:43:28.447Z"}}, {"model": "news.postcategory", "pk": 2, "fields": {"post": 3, "category": 1}}, {"model": "news.postcategory", "pk": 4, "fields": {"post": 4, "category": 2}}, {"model": "news.comment", "pk": 2, "fields": {"post": 3, "user": 4, "content": "Lorem ipsum ...", "rating": 3, "dt_created": "2023-01-29T17:50:42.996Z"}}, {"model": "news.comment", "pk": 3, "fields": {"post": 4, "user": 4, "content": "Lorem ipsum ...", "rating": 1, "dt_created": "2023-01-29T17:50:50.988Z"}}, {"model": "news.comment", "pk": 4, "fields": {"post": 4, "user": 5, "content": "Lorem ipsum ...", "rating": 1, "dt_created": "2023-01-29T17:51:20.610Z"}}, {"model": "account.emailaddress", "pk": 2, "fields": {"user": 8, "email": "test@gmail.com", "verified": false, "primary": true}}, {"model": "account.emailaddress", "pk": 3, "fields": {"user": 9, "email": "test2@gmail.com", "verified": false, "primary": true}}, {"model": "account.emailaddress", "pk": 8, "fields": {"user": 1, "email": "admin@gmail.com", "verified": false, "primary": false}}, {"model": "account.emailaddress", "pk": 31, "fields": {"user": 39, "email": "dimaremenec@gmail.com", "verified": true, "primary": true}}, {"model": "socialaccount.socialapp", "pk": 1, "fields": {"provider": "google", "name": "Google", "client_id": "705998512259-dvgl68l3l5u95tajh3c73e3ug48ubs6n.apps.googleusercontent.com", "secret": "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", "key": "", "sites": [1]}}, {"model": "socialaccount.socialaccount", "pk": 6, "fields": {"user": 39, "provider": "google", "uid": "102550740256970016178", "last_login": "2023-03-11T09:59:33.970Z", "date_joined": "2023-03-03T17:08:43.897Z", "extra_data": "{\"iss\": \"https://accounts.google.com\", \"azp\": \"705998512259-dvgl68l3l5u95tajh3c73e3ug48ubs6n.apps.googleusercontent.com\", \"aud\": \"705998512259-dvgl68l3l5u95tajh3c73e3ug48ubs6n.apps.googleusercontent.com\", \"sub\": \"102550740256970016178\", \"email\": \"dimaremenec@gmail.com\", \"email_verified\": true, \"at_hash\": \"jCL4VVQTZma6jbZaVgWY_w\", \"name\": \"\\u0414\\u043c\\u0438\\u0442\\u0440\\u0438\\u0439\", \"picture\": \"https://lh3.googleusercontent.com/a/AGNmyxbQd11izNRa-qdupv-bu9WhvCGs1jtm1AMtXJ9l=s96-c\", \"given_name\": \"\\u0414\\u043c\\u0438\\u0442\\u0440\\u0438\\u0439\", \"locale\": \"ru\", \"iat\": 1678528773, \"exp\": 1678532373}"}}, {"model": "django_apscheduler.djangojob", "pk": "delete_old_job_executions", "fields": {"next_run_time": "2023-03-05T21:00:00Z", "job_state": "gAWViwQAAAAAAAB9lCiMB3ZlcnNpb26USwGMAmlklIwZZGVsZXRlX29sZF9qb2JfZXhlY3V0aW9uc5SMBGZ1bmOUjEFuZXdzLm1hbmFnZW1lbnQuY29tbWFuZHMucnVuYXBzY2hlZHVsZXI6ZGVsZXRlX29sZF9qb2JfZXhlY3V0aW9uc5SMB3RyaWdnZXKUjBlhcHNjaGVkdWxlci50cmlnZ2Vycy5jcm9ulIwLQ3JvblRyaWdnZXKUk5QpgZR9lChoAUsCjAh0aW1lem9uZZSMG3B5dHpfZGVwcmVjYXRpb25fc2hpbS5faW1wbJSMCXdyYXBfem9uZZSTlIwIYnVpbHRpbnOUjAdnZXRhdHRylJOUjAh6b25laW5mb5SMCFpvbmVJbmZvlJOUjAlfdW5waWNrbGWUhpRSlIwNRXVyb3BlL01vc2Nvd5RLAYaUUpRoGYaUUpSMCnN0YXJ0X2RhdGWUTowIZW5kX2RhdGWUTowGZmllbGRzlF2UKIwgYXBzY2hlZHVsZXIudHJpZ2dlcnMuY3Jvbi5maWVsZHOUjAlCYXNlRmllbGSUk5QpgZR9lCiMBG5hbWWUjAR5ZWFylIwKaXNfZGVmYXVsdJSIjAtleHByZXNzaW9uc5RdlIwlYXBzY2hlZHVsZXIudHJpZ2dlcnMuY3Jvbi5leHByZXNzaW9uc5SMDUFsbEV4cHJlc3Npb26Uk5QpgZR9lIwEc3RlcJROc2JhdWJoIowKTW9udGhGaWVsZJSTlCmBlH2UKGgnjAVtb250aJRoKYhoKl2UaC4pgZR9lGgxTnNiYXViaCKMD0RheU9mTW9udGhGaWVsZJSTlCmBlH2UKGgnjANkYXmUaCmIaCpdlGguKYGUfZRoMU5zYmF1YmgijAlXZWVrRmllbGSUk5QpgZR9lChoJ4wEd2Vla5RoKYhoKl2UaC4pgZR9lGgxTnNiYXViaCKMDkRheU9mV2Vla0ZpZWxklJOUKYGUfZQoaCeMC2RheV9vZl93ZWVrlGgpiWgqXZRoLIwWV2Vla2RheVJhbmdlRXhwcmVzc2lvbpSTlCmBlH2UKGgxTowFZmlyc3SUSwCMBGxhc3SUSwB1YmF1YmgkKYGUfZQoaCeMBGhvdXKUaCmJaCpdlGgsjA9SYW5nZUV4cHJlc3Npb26Uk5QpgZR9lChoMU5oVEsAaFVLAHViYXViaCQpgZR9lChoJ4wGbWludXRllGgpiWgqXZRoWymBlH2UKGgxTmhUSwBoVUsAdWJhdWJoJCmBlH2UKGgnjAZzZWNvbmSUaCmIaCpdlGhbKYGUfZQoaDFOaFRLAGhVSwB1YmF1YmWMBmppdHRlcpROdWKMCGV4ZWN1dG9ylIwHZGVmYXVsdJSMBGFyZ3OUKYwGa3dhcmdzlH2UaCdoA4wSbWlzZmlyZV9ncmFjZV90aW1llEsBjAhjb2FsZXNjZZSIjA1tYXhfaW5zdGFuY2VzlEsBjA1uZXh0X3J1bl90aW1llIwIZGF0ZXRpbWWUjAhkYXRldGltZZSTlEMKB+cDBgAAAAAAAJRoHYaUUpR1Lg=="}}, {"model": "django_apscheduler.djangojob", "pk": "my_job", "fields": {"next_run_time": "2023-03-05T21:00:00Z", "job_state": "gAWVZQQAAAAAAAB9lCiMB3ZlcnNpb26USwGMAmlklIwGbXlfam9ilIwEZnVuY5SMLm5ld3MubWFuYWdlbWVudC5jb21tYW5kcy5ydW5hcHNjaGVkdWxlcjpteV9qb2KUjAd0cmlnZ2VylIwZYXBzY2hlZHVsZXIudHJpZ2dlcnMuY3JvbpSMC0Nyb25UcmlnZ2VylJOUKYGUfZQoaAFLAowIdGltZXpvbmWUjBtweXR6X2RlcHJlY2F0aW9uX3NoaW0uX2ltcGyUjAl3cmFwX3pvbmWUk5SMCGJ1aWx0aW5zlIwHZ2V0YXR0cpSTlIwIem9uZWluZm+UjAhab25lSW5mb5STlIwJX3VucGlja2xllIaUUpSMDUV1cm9wZS9Nb3Njb3eUSwGGlFKUaBmGlFKUjApzdGFydF9kYXRllE6MCGVuZF9kYXRllE6MBmZpZWxkc5RdlCiMIGFwc2NoZWR1bGVyLnRyaWdnZXJzLmNyb24uZmllbGRzlIwJQmFzZUZpZWxklJOUKYGUfZQojARuYW1llIwEeWVhcpSMCmlzX2RlZmF1bHSUiIwLZXhwcmVzc2lvbnOUXZSMJWFwc2NoZWR1bGVyLnRyaWdnZXJzLmNyb24uZXhwcmVzc2lvbnOUjA1BbGxFeHByZXNzaW9ulJOUKYGUfZSMBHN0ZXCUTnNiYXViaCKMCk1vbnRoRmllbGSUk5QpgZR9lChoJ4wFbW9udGiUaCmIaCpdlGguKYGUfZRoMU5zYmF1YmgijA9EYXlPZk1vbnRoRmllbGSUk5QpgZR9lChoJ4wDZGF5lGgpiGgqXZRoLimBlH2UaDFOc2JhdWJoIowJV2Vla0ZpZWxklJOUKYGUfZQoaCeMBHdlZWuUaCmIaCpdlGguKYGUfZRoMU5zYmF1YmgijA5EYXlPZldlZWtGaWVsZJSTlCmBlH2UKGgnjAtkYXlfb2Zfd2Vla5RoKYloKl2UaCyMFldlZWtkYXlSYW5nZUV4cHJlc3Npb26Uk5QpgZR9lChoMU6MBWZpcnN0lEsAjARsYXN0lEsAdWJhdWJoJCmBlH2UKGgnjARob3VylGgpiWgqXZRoLIwPUmFuZ2VFeHByZXNzaW9ulJOUKYGUfZQoaDFOaFRLAGhVSwB1YmF1YmgkKYGUfZQoaCeMBm1pbnV0ZZRoKYloKl2UaFspgZR9lChoMU5oVEsAaFVLAHViYXViaCQpgZR9lChoJ4wGc2Vjb25klGgpiGgqXZRoWymBlH2UKGgxTmhUSwBoVUsAdWJhdWJljAZqaXR0ZXKUTnVijAhleGVjdXRvcpSMB2RlZmF1bHSUjARhcmdzlCmMBmt3YXJnc5R9lGgnaAOMEm1pc2ZpcmVfZ3JhY2VfdGltZZRLAYwIY29hbGVzY2WUiIwNbWF4X2luc3RhbmNlc5RLAYwNbmV4dF9ydW5fdGltZZSMCGRhdGV0aW1llIwIZGF0ZXRpbWWUk5RDCgfnAwYAAAAAAACUaB2GlFKUdS4="}}, {"model": "django_apscheduler.djangojobexecution", "pk": 4, "fields": {"job": "my_job", "status": "Executed", "run_time": "2023-03-02T18:40:50Z", "duration": "0.02", "finished": "1677782450.02", "exception": null, "traceback": null}}, {"model": "django_apscheduler.djangojobexecution", "pk": 5, "fields": {"job": "my_job", "status": "Executed", "run_time": "2023-03-02T18:41:00Z", "duration": "0.04", "finished": "1677782460.04", "exception": null, "traceback": null}}, {"model": "django_apscheduler.djangojobexecution", "pk": 6, "fields": {"job": "my_job", "status": "Executed", "run_time": "2023-03-02T18:41:10Z", "duration": "0.04", "finished": "1677782470.04", "exception": null, "traceback": null}}, {"model": "django_apscheduler.djangojobexecution", "pk": 7, "fields": {"job": "my_job", "status": "Executed", "run_time": "2023-03-02T18:41:20Z", "duration": "0.04", "finished": "1677782480.04", "exception": null, "traceback": null}}, {"model": "django_apscheduler.djangojobexecution", "pk": 8, "fields": {"job": "my_job", "status": "Executed", "run_time": "2023-03-02T18:41:30Z", "duration": "0.06", "finished": "1677782490.06", "exception": null, "traceback": null}}, {"model": "django_apscheduler.djangojobexecution", "pk": 9, "fields": {"job": "my_job", "status": "Executed", "run_time": "2023-03-02T18:41:50Z", "duration": "0.04", "finished": "1677782510.04", "exception": null, "traceback": null}}, {"model": "django_apscheduler.djangojobexecution", "pk": 10, "fields": {"job": "my_job", "status": "Executed", "run_time": "2023-03-02T18:42:00Z", "duration": "0.05", "finished": "1677782520.05", "exception": null, "traceback": null}}, {"model": "django_apscheduler.djangojobexecution", "pk": 11, "fields": {"job": "my_job", "status": "Executed", "run_time": "2023-03-02T18:42:10Z", "duration": "0.05", "finished": "1677782530.05", "exception": null, "traceback": null}}, {"model": "django_apscheduler.djangojobexecution", "pk": 12, "fields": {"job": "my_job", "status": "Executed", "run_time": "2023-03-02T18:42:30Z", "duration": "0.05", "finished": "1677782550.05", "exception": null, "traceback": null}}, {"model": "django_apscheduler.djangojobexecution", "pk": 13, "fields": {"job": "my_job", "status": "Executed", "run_time": "2023-03-02T18:43:10Z", "duration": "0.05", "finished": "1677782590.05", "exception": null, "traceback": null}}, {"model": "django_apscheduler.djangojobexecution", "pk": 14, "fields": {"job": "my_job", "status": "Executed", "run_time": "2023-03-02T18:43:50Z", "duration": "0.03", "finished": "1677782630.03", "exception": null, "traceback": null}}, {"model": "django_apscheduler.djangojobexecution", "pk": 15, "fields": {"job": "my_job", "status": "Error!", "run_time": "2023-03-02T18:45:50Z", "duration": "0.03", "finished": "1677782750.03", "exception": "'ManyRelatedManager' object is not iterable", "traceback": "  File \"E:\\Skillfactory\\Projects\\venv\\lib\\site-packages\\apscheduler\\executors\\base.py\", line 125, in run_job\n    retval = job.func(*job.args, **job.kwargs)\n  File \"E:\\Skillfactory\\Projects\\NewsPaper\\news\\management\\commands\\runapscheduler.py\", line 22, in my_job\n    for category in post.categories:\n"}}, {"model": "django_apscheduler.djangojobexecution", "pk": 16, "fields": {"job": "my_job", "status": "Error!", "run_time": "2023-03-02T18:46:00Z", "duration": "0.05", "finished": "1677782760.05", "exception": "'ManyRelatedManager' object is not iterable", "traceback": "  File \"E:\\Skillfactory\\Projects\\venv\\lib\\site-packages\\apscheduler\\executors\\base.py\", line 125, in run_job\n    retval = job.func(*job.args, **job.kwargs)\n  File \"E:\\Skillfactory\\Projects\\NewsPaper\\news\\management\\commands\\runapscheduler.py\", line 22, in my_job\n    for category in post.categories:\n"}}, {"model": "django_apscheduler.djangojobexecution", "pk": 17, "fields": {"job": "my_job", "status": "Executed", "run_time": "2023-03-02T18:46:30Z", "duration": "0.06", "finished": "1677782790.06", "exception": null, "traceback": null}}, {"model": "django_apscheduler.djangojobexecution", "pk": 18, "fields": {"job": "my_job", "status": "Executed", "run_time": "2023-03-02T18:46:40Z", "duration": "0.09", "finished": "1677782800.09", "exception": null, "traceback": null}}, {"model": "django_apscheduler.djangojobexecution", "pk": 19, "fields": {"job": "my_job", "status": "Executed", "run_time": "2023-03-02T18:52:20Z", "duration": "2.60", "finished": "1677783142.60", "exception": null, "traceback": null}}, {"model": "django_apscheduler.djangojobexecution", "pk": 20, "fields": {"job": "my_job", "status": "Executed", "run_time": "2023-03-02T18:52:30Z", "duration": "1.88", "finished": "1677783151.88", "exception": null, "traceback": null}}, {"model": "django_apscheduler.djangojobexecution", "pk": 21, "fields": {"job": "my_job", "status": "Executed", "run_time": "2023-03-02T18:52:40Z", "duration": "1.34", "finished": "1677783161.34", "exception": null, "traceback": null}}, {"model": "django_apscheduler.djangojobexecution", "pk": 22, "fields": {"job": "my_job", "status": "Executed", "run_time": "2023-03-02T18:52:50Z", "duration": "2.67", "finished": "1677783172.67", "exception": null, "traceback": null}}, {"model": "django_apscheduler.djangojobexecution", "pk": 23, "fields": {"job": "my_job", "status": "Executed", "run_time": "2023-03-02T18:53:00Z", "duration": "1.18", "finished": "1677783181.18", "exception": null, "traceback": null}}]
